<?xml version="1.0" ?>
<odoo>
    <record id="estate_group_user" model="res.groups">
        <field name="name">Agent</field>
        <field name="category_id" ref="base.module_category_real_estate_brokerage"/>
        <field name="implied_ids" eval="[(4, ref('account.group_account_invoice'))]"/>
    </record>
    <record id="estate_group_manager" model="res.groups">
        <field name="name">Manager</field>
        <field name="category_id" ref="base.module_category_real_estate_brokerage"/>
        <field name="implied_ids" eval="[(4, ref('estate_group_user'))]"/>
        <field name="users" eval="[(4, ref('base.user_admin'))]"/>
    </record>
</odoo>