<?xml version="1.0"?>
<odoo>
    <record id="rule_user_see_property_base_on_saleperson" model="ir.rule">
        <field name="name">Estate: see property base on saleperson</field>
        <field name="model_id" ref="model_estate_property"/>
        <field name="groups" eval="[(4, ref('estate.estate_group_user'))]"/>
        <field name="domain_force">['|',('salesman_id','=',False),('salesman_id','=',user.id)]</field>
        <field name="perm_read" eval="True"/>
        <field name="perm_write" eval="True"/>
        <field name="perm_create" eval="False"/>
        <field name="perm_unlink" eval="False"/>
    </record>
    <record id="rule_manager_see_property_base_on_saleperson" model="ir.rule">
        <field name="name">Estate: see property base on saleperson</field>
        <field name="model_id" ref="model_estate_property"/>
        <field name="groups" eval="[(4, ref('estate.estate_group_manager'))]"/>
        <field name="domain_force">[(1,'=',1)]</field>
    </record>
</odoo>