<?xml version="1.0" encoding="utf-8"?>
<odoo>
    <!-- Property Types -->
    <record id="property_residential" model="estate.property.type">
        <field name="name">Residential</field>
    </record>

    <record id="property_commercial" model="estate.property.type">
        <field name="name">Commercial</field>
    </record>

    <record id="property_industrial" model="estate.property.type">
        <field name="name">Industrial</field>
    </record>

    <record id="property_land" model="estate.property.type">
        <field name="name">Land</field>
    </record>

    <!-- Properties -->
    <record id="villa" model="estate.property">
        <field name="name">Big Villa</field>
        <field name="state">new</field>
        <field name="description">A nice and big villa</field>
        <field name="postcode">12345</field>
        <field name="date_availability">2020-02-02</field>
        <field name="expected_price">1600000</field>
        <field name="bedrooms">6</field>
        <field name="living_area">100</field>
        <field name="facades">4</field>
        <field name="garage">True</field>
        <field name="garden">True</field>
        <field name="garden_area">100000</field>
        <field name="garden_orientation">S</field>
        <field name="property_type_id" ref="property_residential"/>
        <field name="user_id" ref="base.user_admin"/>
    </record>

    <record id="trailer" model="estate.property">
        <field name="name">Trailer Home</field>
        <field name="state">canceled</field>
        <field name="description">Home in a trailer park</field>
        <field name="postcode">54321</field>
        <field name="date_availability">1970-01-01</field>
        <field name="expected_price">100000</field>
        <field name="selling_price">110000</field>
        <field name="bedrooms">1</field>
        <field name="living_area">10</field>
        <field name="facades">4</field>
        <field name="garage">False</field>
        <field name="garden">True</field>
        <field name="property_type_id" ref="property_residential"/>
        <field name="user_id" ref="base.user_admin"/>
    </record>

    <record id="space_ship" model="estate.property">
        <field name="name">International Space Station</field>
        <field name="state">new</field>
        <field name="description">Aliens sometimes come visit</field>
        <field name="postcode">----</field>
        <field name="date_availability">2030-12-31</field>
        <field name="expected_price">45890000</field>
        <field name="property_type_id" ref="property_industrial"/>
        <field name="user_id" ref="base.user_admin"/>
    </record>

    <record id="cabin" model="estate.property">
        <field name="name">Cozy Cabin</field>
        <field name="state">sold</field>
        <field name="description">Small cabin by lake</field>
        <field name="postcode">10000</field>
        <field name="date_availability">2020-01-01</field>
        <field name="expected_price">80000</field>
        <field name="bedrooms">1</field>
        <field name="living_area">10</field>
        <field name="facades">4</field>
        <field name="garage">False</field>
        <field name="garden">True</field>
        <field name="property_type_id" ref="property_residential"/>
        <field name="user_id" ref="base.user_admin"/>
    </record>

    <!-- Offers -->
    <!-- Villa Offers and Offer Status -->
    <record id="offer_azure_villa_1" model="estate.property.offer">
        <field name="price">10000</field>
        <field name="validity">14</field>
        <field name="partner_id" ref="base.res_partner_12"/>
        <field name="property_id" ref="villa"/>
        <field name="date_deadline" eval="str(datetime.now().year)+'-01-31'"/>
    </record>

    <record id="offer_azure_villa_2" model="estate.property.offer">
        <field name="price">1500000</field>
        <field name="validity">14</field>
        <field name="partner_id" ref="base.res_partner_12"/>
        <field name="property_id" ref="villa"/>
        <field name="date_deadline" eval="str(datetime.now().year)+'-02-11'"/>
    </record>

    <record id="offer_deco_villa" model="estate.property.offer">
        <field name="price">1500001</field>
        <field name="validity">14</field>
        <field name="partner_id" ref="base.res_partner_2"/>
        <field name="property_id" ref="villa"/>
        <field name="date_deadline" eval="str(datetime.now().year)+'-02-12'"/>
    </record>

    <function model="estate.property.offer" name="action_accept">
        <value eval="[ref('offer_deco_villa')]"/>
    </function>

    <function model="estate.property.offer" name="action_refuse">
        <value eval="[ref('offer_azure_villa_1'), ref('offer_azure_villa_2')]"/>
    </function>

    <function model="estate.property" name="action_sold">
        <value eval="[ref('villa')]"/>
    </function>


    <!-- Cabin Offers and Offer Status -->
    <record id="offer_cabin_1" model="estate.property.offer">
        <field name="price">60000</field>
        <field name="validity">14</field>
        <field name="partner_id" ref="base.res_partner_12"/>
        <field name="property_id" ref="cabin"/>
        <field name="date_deadline" eval="str(datetime.now().year)+'-02-12'"/>
    </record>

    <record id="offer_cabin_2" model="estate.property.offer">
        <field name="price">75000</field>
        <field name="validity">14</field>
        <field name="partner_id" ref="base.res_partner_12"/>
        <field name="property_id" ref="cabin"/>
        <field name="date_deadline" eval="str(datetime.now().year)+'-02-12'"/>
    </record>

</odoo>
