<?xml version="1.0" ?>
<odoo>
    <record id="estate_property_1" model="estate.property">
        <field name="name">Big Villa</field>
        <field name="state">new</field>
        <field name="description">A nice and big villa</field>
        <field name="postcode">12345</field>
        <field name="date_availability">2020-02-02</field>
        <field name="expected_price">1600000</field>
        <field name="bedrooms">6</field>
        <field name="living_area">100</field>
        <field name="facades">4</field>
        <field name="garage">True</field>
        <field name="garden">True</field>
        <field name="garden_area">100000</field>
        <field name="garden_orientation">south</field>
    </record>
    <record id="estate_property_2" model="estate.property">
        <field name="name">Trailer home</field>
        <field name="state">canceled</field>
        <field name="description">Home in a trailer park</field>
        <field name="postcode">54321</field>
        <field name="date_availability">1970-01-01</field>
        <field name="expected_price">100000</field>
        <field name="selling_price">120000</field>
        <field name="bedrooms">1</field>
        <field name="living_area">10</field>
        <field name="facades">4</field>
        <field name="garage">False</field>
    </record>
</odoo>